S.No,Name,Address,Phone,Email,Source,Type
1,TEMBURU DILLESWARA RAO (63838),ANDHRA PRADESH (Srikakulam) (Kotturu ),8985832170,,Andhra_Pradesh_Volunteers,Original
2,AGATHAMUDI SRILATA (63742),ANDHRA PRADESH (Srikakulam) (Gara ),9291389567,,Andhra_Pradesh_Volunteers,Original
3,DASARI YOGESWARARAO (63869),ANDHRA PRADESH (Srikakulam) (Mandasa ),9573933397,,Andhra_Pradesh_Volunteers,Original
4,MUDADLA CHAKRADHAR (63868),ANDHRA PRADESH (Srikakulam) (Veeraghattam ),9908758528,,Andhra_Pradesh_Volunteers,Original
5,BALIVADA SURENDRA KUMAR (63867),ANDHRA PRADESH (Srikakulam) (Palakonda ),9381761383,,Andhra_Pradesh_Volunteers,Original
6,PUTHI SRAVAN KUMAR (63866),ANDHRA PRADESH (Srikakulam) (Palakonda ),8186829362,,Andhra_Pradesh_Volunteers,Original
7,NITYANANDA BADITYA (63864),ANDHRA PRADESH (Srikakulam) (Ichapuram),9640480629,,Andhra_Pradesh_Volunteers,Original
8,PANCHIREDDY SIVAKUMAR (63863),ANDHRA PRADESH (Srikakulam) (Gara ),9966353032,,Andhra_Pradesh_Volunteers,Original
9,BOMMALI CHANDINI (63848),ANDHRA PRADESH (Srikakulam) (Ichapuram),7702668113,,Andhra_Pradesh_Volunteers,Original
10,BOORE NARENDRA CHAKRAVARTHI (63847),ANDHRA PRADESH (Srikakulam) (Tekkali),9989512521,,Andhra_Pradesh_Volunteers,Original
11,DASARI SHANMUKHARAO (63846),ANDHRA PRADESH (Srikakulam) (Tekkali),9494042926,,Andhra_Pradesh_Volunteers,Original
12,VANJARAPU MOHAN RAO (63843),ANDHRA PRADESH (Srikakulam) (Kotabommali),7893862127,,Andhra_Pradesh_Volunteers,Original
13,BATCHALA NAGARAJU (63841),ANDHRA PRADESH (Srikakulam) (Kotabommali),9177212779,,Andhra_Pradesh_Volunteers,Original
14,GANADUBILLI PAVANKUMAR (63697),ANDHRA PRADESH (Srikakulam) (Amadalavalasa ),7075576526,,Andhra_Pradesh_Volunteers,Original
15,KOTTISA HARITHA (63871),ANDHRA PRADESH (Srikakulam) (Gara ),9966153952,,Andhra_Pradesh_Volunteers,Original
16,PALAPARTI SATEESH (63817),ANDHRA PRADESH (Srikakulam) (Seethampeta ),9492820189,,Andhra_Pradesh_Volunteers,Original
17,ANDI VEERA BHADRAYYA (63745),ANDHRA PRADESH (Srikakulam) (Rajam ),8008929291,,Andhra_Pradesh_Volunteers,Original
18,RAKOTI SHIVA KUMAR (63733),ANDHRA PRADESH (Srikakulam) (Amadalavalasa ),7396243916,,Andhra_Pradesh_Volunteers,Original
19,BASAVA KUSUMA (63747),ANDHRA PRADESH (Srikakulam) (Rajam ),9959900618,,Andhra_Pradesh_Volunteers,Original
20,TAMPA SWAPNA (63750),ANDHRA PRADESH (Srikakulam) (Saravakota ),9642036967,,Andhra_Pradesh_Volunteers,Original
21,PANCHIREDDI RAJESWARI (63810),ANDHRA PRADESH (Srikakulam) (Narasannapeta ),9014257525,,Andhra_Pradesh_Volunteers,Original
22,REDDI ANAND (63840),ANDHRA PRADESH (Srikakulam) (Ranastalam,6304738037,,Andhra_Pradesh_Volunteers,Original
23,RONANKI BHASKARA RAO (63815),ANDHRA PRADESH (Srikakulam) (Saravakota ),9493735313,,Andhra_Pradesh_Volunteers,Original
24,LUTTA CHINNA RAO (63839),ANDHRA PRADESH (Srikakulam) (Ranastalam,8466877945,,Andhra_Pradesh_Volunteers,Original
25,BAMMIDI LAVA KUMAR (64874),ANDHRA PRADESH (Srikakulam) (Kasibugga ),9494685464,,Andhra_Pradesh_Volunteers,Original
26,CHINNARI SANTOSH KUMAR (63825),ANDHRA PRADESH (Srikakulam) (Seethampeta ),9490382672,,Andhra_Pradesh_Volunteers,Original
27,SANAPALA PHALGUNA RAO (63828),ANDHRA PRADESH (Srikakulam) (Kasibugga ),7036941452,,Andhra_Pradesh_Volunteers,Original
28,GALI VENU GOPAL REDDY (63835),ANDHRA PRADESH (Srikakulam) (S.M. Puram (Etcherla)),9553901789,,Andhra_Pradesh_Volunteers,Original
29,PASUPUREDDY PUSHPA (63837),ANDHRA PRADESH (Srikakulam) (Kotturu ),7280016498,,Andhra_Pradesh_Volunteers,Original
30,DOKI HARIKRISHNA (63873),ANDHRA PRADESH (Srikakulam) (Veeraghattam ),9177886107,,Andhra_Pradesh_Volunteers,Original
31,TALADA SANTOSH KUMAR (63813),ANDHRA PRADESH (Srikakulam) (Narasannapeta ),8121252256,,Andhra_Pradesh_Volunteers,Original
32,MALLIPALLI PATTABHI (64420),ANDHRA PRADESH (Srikakulam) (S.M. Puram (Etcherla)),9177809166,,Andhra_Pradesh_Volunteers,Original
33,PULARI DURYODHANA (63870),ANDHRA PRADESH (Srikakulam) (Mandasa ),8978727939,,Andhra_Pradesh_Volunteers,Original
34,JOGI APPANNA (70843),ANDHRA PRADESH (Srikakulam) (Gara ),6305703630,,Andhra_Pradesh_Volunteers,Original
35,SEEMALA GOPI KRISHNA (63429),ANDHRA PRADESH (Vizianagaram) (Kurupam ),9492520228,,Andhra_Pradesh_Volunteers,Original
36,MAMIDI VENKATA RAMANA (63424),ANDHRA PRADESH (Vizianagaram) (Badangi ),9010414212,,Andhra_Pradesh_Volunteers,Original
37,RAJANA RAMANA (64496),ANDHRA PRADESH (Vizianagaram) (Viyyampeta ),7993912866,,Andhra_Pradesh_Volunteers,Original
38,GEDELA PADMA (63190),ANDHRA PRADESH (Vizianagaram) (Gantyada ),7382187959,,Andhra_Pradesh_Volunteers,Original
39,GURUBILLI LEELAVATHI (63197),ANDHRA PRADESH (Vizianagaram) (Chipurupalli ),9948674054,,Andhra_Pradesh_Volunteers,Original
40,LENKA CHANDRA RAO (63201),ANDHRA PRADESH (Vizianagaram) (Chipurupalli ),7095892561,,Andhra_Pradesh_Volunteers,Original
41,PADMAVATHI TADANGI (63436),ANDHRA PRADESH (Vizianagaram) (Kurupam ),8897898373,,Andhra_Pradesh_Volunteers,Original
42,PENDYALA SRINIVASARAO (65624),ANDHRA PRADESH (Vizianagaram) (Nellimarla ),9553528195,,Andhra_Pradesh_Volunteers,Original
43,SAI KUMAR GOTTAPU (63715),ANDHRA PRADESH (Vizianagaram) (Salur ),9618851703,,Andhra_Pradesh_Volunteers,Original
44,LALITHA KUMARI VEMALA (63721),ANDHRA PRADESH (Vizianagaram) (Salur ),789740008,,Andhra_Pradesh_Volunteers,Original
45,BOGI VINOD (67388),ANDHRA PRADESH (Vizianagaram) (Badangi ),9912038449,,Andhra_Pradesh_Volunteers,Original
46,DONKADA TIRUPATHI RAO (65627),ANDHRA PRADESH (Vizianagaram) (Bobbilli ),9010904337,,Andhra_Pradesh_Volunteers,Original
47,ROHIT KUMAR BANDARU (63723),ANDHRA PRADESH (Vizianagaram) (Viyyampeta ),9052070028,,Andhra_Pradesh_Volunteers,Original
48,DUKKA APPALARAJU (63244),ANDHRA PRADESH (Vizianagaram) (Bogapuram ),6304833195,,Andhra_Pradesh_Volunteers,Original
49,TADDI MEENAKSHI (63252),ANDHRA PRADESH (Vizianagaram) (Bobbilli ),7997018479,,Andhra_Pradesh_Volunteers,Original
50,BATCHALA SURENDRA (63262),ANDHRA,7382272793,,Andhra_Pradesh_Volunteers,Original
51,CHUKKA SAIDEVI (63237),PRADESH (Vizianagaram) (Badragiri) PRADESH (Vizianagaram) (Bogapuram ),6300451776,,Andhra_Pradesh_Volunteers,Original
52,RAMYA BATTULA (63727),ANDHRA PRADESH (Vizianagaram) (Vizianagaram ),7382199689,,Andhra_Pradesh_Volunteers,Original
53,GEMMELA RAVEENDRA KUMAR (64498),ANDHRA PRADESH (Vizianagaram) (Parvathipuram ),8309422874,,Andhra_Pradesh_Volunteers,Original
54,DHAVALA SRINU (70390),ANDHRA PRADESH (Vizianagaram) (Vizianagaram ),7095458747,,Andhra_Pradesh_Volunteers,Original
55,KOMMINENI VANITHA (63451),ANDHRA PRADESH (Vizianagaram) (s.Kota ),9676610816,,Andhra_Pradesh_Volunteers,Original
56,KOTTANA VENKATESH (63445),ANDHRA PRADESH (Vizianagaram) (s.Kota ),9505009853,,Andhra_Pradesh_Volunteers,Original
57,DINESH KUMAR TEKU (63442),ANDHRA PRADESH (Vizianagaram) (Pachipenta ),7671888792,,Andhra_Pradesh_Volunteers,Original
58,BOTCHA RAMBABU (63195),ANDHRA PRADESH (Vizianagaram) (Gajapathinagaram ),9676550883,,Andhra_Pradesh_Volunteers,Original
59,RAMA JAMMU (63441),ANDHRA PRADESH (Vizianagaram) (Nellimarla ),9542390360,,Andhra_Pradesh_Volunteers,Original
60,LAGUDU GOPI (63136),ANDHRA PRADESH (Vizianagaram) (Gantyada ),7382692069,,Andhra_Pradesh_Volunteers,Original
61,Ajay Bhudia,"Ashton under Lyne, UK",7970751923,ajaypbhudia@yahoo.co.uk,Birmingham_Consulate_Volunteers,Original
62,Yelavarthi Venu Gopal Krishna,"Barking, UK",7436230221,gopal1521@gmail.com,Birmingham_Consulate_Volunteers,Original
63,Mufti Mohammed Amin Pandor,"Batley / Dewsbury (Yorkshire), UK",7479464428,mpandor@gmail.com,Birmingham_Consulate_Volunteers,Original
64,Mr. Tony Braich,"Birmingham, UK",07383915243,"thomas.braich11@gmail.com,",Birmingham_Consulate_Volunteers,Original
65,Mr. Brij Dhande,"Birmingham, UK",,admin@gururavidasbhawan.org,Birmingham_Consulate_Volunteers,Original
66,Mr. Avtar Singh Heer,"Birmingham, UK",07576420072,"avtarsinghheer@aol.com,",Birmingham_Consulate_Volunteers,Original
67,Mr. Atul Aggarwal,"Birmingham, UK",07812367548,"Aggarwalatul00@yahoo.co.uk,",Birmingham_Consulate_Volunteers,Original
68,Mr. Hamid Malik,"Birmingham, UK",07958324717,"hamidmalik@peoplesneeds.org,",Birmingham_Consulate_Volunteers,Original
69,Silvia singh,"Birmingham, UK",7447532585,silvia_singh16@yahoo.co.uk,Birmingham_Consulate_Volunteers,Original
70,Dr Nitish Raut,"Birmingham, UK",,nitish_raut@yahoo.com,Birmingham_Consulate_Volunteers,Original
71,Kunal Shah,"Birmingham, UK",7515538181,kunalsonu25@gmail.com,Birmingham_Consulate_Volunteers,Original
72,Tejas n Jhaveri,"Birmingham, UK",7557657304,tjhaveri@ymail.con,Birmingham_Consulate_Volunteers,Original
73,Arun Mohanan Leela,"Birmingham, UK",7438990793,arunmlss@gmail.com,Birmingham_Consulate_Volunteers,Original
74,Tejas Sanghavi,"Birminghamcity centre, UK",7417387871,sanghavi.tejas@gmail.com,Birmingham_Consulate_Volunteers,Original
75,Mr Suhaib Munawaree,"Birmingham in/outsidedifferent town as well., UK",7974656120,Suhaibmunawaree@hotmail.com,Birmingham_Consulate_Volunteers,Original
76,Sachin Kakkad,"Birmingham Smethwick, UK",7886686935,sachinkakkad@hotmail.com,Birmingham_Consulate_Volunteers,Original
77,Gurvinder Singh Bassi,"Birmingham, Sandwell, Walsall, UK",7931731054,gurvinderbassiuk@gmail.com,Birmingham_Consulate_Volunteers,Original
78,Cllr. Rajash Mehta,"Coventry and Telford, UK",07545023519,"dr,saab@nhs.net",Birmingham_Consulate_Volunteers,Original
79,Ms. Bharti Patel,"Birstall(Leicester), UK",,Bharti.patel100@yahoo.com,Birmingham_Consulate_Volunteers,Original
80,Yusuf Patel,"Blackburn, UK",7429674356,multiuse@hotmail.co.uk,Birmingham_Consulate_Volunteers,Original
81,Mr. Altaf Patel,"Bolton, Liverpool, UK",07768660159,"al@af-group.co.uk,",Birmingham_Consulate_Volunteers,Original
82,Dr. Pavneet Kaur,"Bradford, UK",07422842102,"munjalpavneetkaur@gmail.com,",Birmingham_Consulate_Volunteers,Original
83,Dr. Geetha Upadhyaya,"Bradford, UK",07905336031,G.Upadhyaya@leedsbeckett.ac.uk;,Birmingham_Consulate_Volunteers,Original
84,Mr. Kamal Sharma,"Bradford, UK",07799172952,"info@bradfordmandir.org,",Birmingham_Consulate_Volunteers,Original
85,Sanjeeva varthya,"Cambridge, UK",7424212903,varthyasanjeev@gmail.com,Birmingham_Consulate_Volunteers,Original
86,Raj Maddala,"Capehill, Birmingham, UK",7517470180,mrajanikrishna@hotmail.com,Birmingham_Consulate_Volunteers,Original
87,Nancy,"Chester, UK",7444788085,mspjetss@gmail.com,Birmingham_Consulate_Volunteers,Original
88,Nandani jaimin Barot,"Chester, UK",7591421031,nandani2520@gmail.com,Birmingham_Consulate_Volunteers,Original
89,Mr. Deepesh Scariya,"Coventry, UK",07883259330,"Deepeshscariya@yahoo.com,",Birmingham_Consulate_Volunteers,Original
90,Kal Rayat,"Coventry, UK",7961390659,k21100rtt@hotmail.com,Birmingham_Consulate_Volunteers,Original
91,Nitin Bam,"Coventry, UK",7425939806,nitin.bam@gmail.com,Birmingham_Consulate_Volunteers,Original
92,Councillor Balbir Singh Sandhu,"Derby, UK",,balbir.sandhu@hotmail.co.uk,Birmingham_Consulate_Volunteers,Original
93,Mr. Sandeep Shinde,"Derby, UK",07900878923,"sandeepshinde@hotmail.com,",Birmingham_Consulate_Volunteers,Original
94,Mr. Harish Ramaiah,"Derby, UK",07921084182,"Harish.agni@gmail.com,",Birmingham_Consulate_Volunteers,Original
95,Mr Satya Miryala,"Derby, UK",07780432425,"satyamiryala@gmail.com,",Birmingham_Consulate_Volunteers,Original
96,Dr. Jafer Qureshi,"For consultation on mentalhealth issues, UK",,"jaferqureshi@gmail.com,",Birmingham_Consulate_Volunteers,Original
97,Dr. Satya Sharma,"For consultation over email., UK",,"drsatyasharma@gmail.com,",Birmingham_Consulate_Volunteers,Original
98,Ms Sanyogita Kumari,"For consultation over email., UK",,Sanyogitaster@gmail.com,Birmingham_Consulate_Volunteers,Original
99,Mr. Dilawer Valli,"Greater Manchester, UK",07971168289,,Birmingham_Consulate_Volunteers,Original
100,Neelkanth Dave,"Guildford and Surrey, UK",447587286914,neelkanthrdave@gmail.com,Birmingham_Consulate_Volunteers,Original
101,Aarav Kumar,"655, MG Road, Hyderabad, Telangana - 500001",9896233790,aarav.kumar24@gmail.com,Dummy_Volunteer_Data,Dummy
102,Priya Sharma,"282, Nehru Nagar, Visakhapatnam, Andhra Pradesh - 530001",9249827706,priya.sharma41@gmail.com,Dummy_Volunteer_Data,Dummy
103,Rohan Singh,"755, Gandhi Chowk, Vijayawada, Andhra Pradesh - 520001",7895285932,rohan.singh23@gmail.com,Dummy_Volunteer_Data,Dummy
104,Sneha Verma,"914, Patel Marg, Chennai, Tamil Nadu - 600001",9734036506,sneha.verma79@gmail.com,Dummy_Volunteer_Data,Dummy
105,Vikram Yadav,"433, Ambedkar Street, Bengaluru, Karnataka - 560001",9200604502,vikram.yadav14@gmail.com,Dummy_Volunteer_Data,Dummy
106,Ananya Gupta,"224, Rajiv Gandhi Road, Mumbai, Maharashtra - 400001",7746412689,ananya.gupta39@gmail.com,Dummy_Volunteer_Data,Dummy
107,Karthik Mishra,"28, Subhash Chandra Bose Lane, Pune, Maharashtra - 411001",9868820204,karthik.mishra81@gmail.com,Dummy_Volunteer_Data,Dummy
108,Meera Joshi,"666, Tilak Nagar, Kolkata, West Bengal - 700001",7550455977,meera.joshi99@gmail.com,Dummy_Volunteer_Data,Dummy
109,Arjun Patel,"226, Station Road, New Delhi, Delhi - 110001",7398704996,arjun.patel67@gmail.com,Dummy_Volunteer_Data,Dummy
110,Divya Reddy,"829, Civil Lines, Jaipur, Rajasthan - 302001",9849621470,divya.reddy10@gmail.com,Dummy_Volunteer_Data,Dummy
111,Rahul Nair,"433, Lake View Road, Ahmedabad, Gujarat - 380001",8266944844,rahul.nair53@gmail.com,Dummy_Volunteer_Data,Dummy
112,Pooja Pillai,"221, Rose Garden Lane, Bhopal, Madhya Pradesh - 462001",9199585092,pooja.pillai53@gmail.com,Dummy_Volunteer_Data,Dummy
113,Siddharth Iyer,"390, Palm Avenue, Lucknow, Uttar Pradesh - 226001",8469319644,siddharth.iyer22@gmail.com,Dummy_Volunteer_Data,Dummy
114,Kavya Rao,"619, Shivaji Marg, Patna, Bihar - 800001",9883543540,kavya.rao43@gmail.com,Dummy_Volunteer_Data,Dummy
115,Nikhil Das,"471, Indira Nagar Main Road, Bhubaneswar, Odisha - 751001",9506448196,nikhil.das78@gmail.com,Dummy_Volunteer_Data,Dummy
116,Shreya Bose,"81, Tagore Colony, Ranchi, Jharkhand - 834001",8990566476,shreya.bose80@gmail.com,Dummy_Volunteer_Data,Dummy
117,Aditya Sen,"644, Market Square, Chandigarh, Punjab - 160001",8719927151,aditya.sen89@gmail.com,Dummy_Volunteer_Data,Dummy
118,Riya Ghosh,"197, University Road, Kochi, Kerala - 682001",9810026086,riya.ghosh18@gmail.com,Dummy_Volunteer_Data,Dummy
119,Manish Chatterjee,"234, Bank Colony, Nagpur, Maharashtra - 440001",9349957310,manish.chatterjee47@gmail.com,Dummy_Volunteer_Data,Dummy
120,Nandini Mehta,"888, Hospital Road, Coimbatore, Tamil Nadu - 641001",8398471886,nandini.mehta22@gmail.com,Dummy_Volunteer_Data,Dummy
121,Suresh Kumar,"465, MG Road, Mysuru, Karnataka - 570001",8274648506,suresh.kumar91@gmail.com,Dummy_Volunteer_Data,Dummy
122,Lakshmi Sharma,"380, Nehru Nagar, Vadodara, Gujarat - 390001",9819595113,lakshmi.sharma55@gmail.com,Dummy_Volunteer_Data,Dummy
123,Deepak Singh,"274, Gandhi Chowk, Indore, Madhya Pradesh - 452001",7795822698,deepak.singh99@gmail.com,Dummy_Volunteer_Data,Dummy
124,Sunita Verma,"74, Patel Marg, Varanasi, Uttar Pradesh - 221001",7283758720,sunita.verma87@gmail.com,Dummy_Volunteer_Data,Dummy
125,Rajesh Yadav,"547, Ambedkar Street, Amritsar, Punjab - 143001",9596348124,rajesh.yadav41@gmail.com,Dummy_Volunteer_Data,Dummy
126,Swati Gupta,"389, Rajiv Gandhi Road, Surat, Gujarat - 395001",7838908273,swati.gupta44@gmail.com,Dummy_Volunteer_Data,Dummy
127,Amit Mishra,"571, Subhash Chandra Bose Lane, Thiruvananthapuram, Kerala - 695001",7448195935,amit.mishra38@gmail.com,Dummy_Volunteer_Data,Dummy
128,Geeta Joshi,"864, Tilak Nagar, Guwahati, Assam - 781001",9982403818,geeta.joshi17@gmail.com,Dummy_Volunteer_Data,Dummy
129,Vinod Patel,"33, Station Road, Dehradun, Uttarakhand - 248001",8387484583,vinod.patel50@gmail.com,Dummy_Volunteer_Data,Dummy
130,Rekha Reddy,"68, Civil Lines, Shimla, Himachal Pradesh - 171001",7870854579,rekha.reddy37@gmail.com,Dummy_Volunteer_Data,Dummy
131,Harish Nair,"323, Lake View Road, Hyderabad, Telangana - 500001",7636045484,harish.nair37@gmail.com,Dummy_Volunteer_Data,Dummy
132,Bhavna Pillai,"406, Rose Garden Lane, Visakhapatnam, Andhra Pradesh - 530001",8253407200,bhavna.pillai92@gmail.com,Dummy_Volunteer_Data,Dummy
133,Sanjay Iyer,"272, Palm Avenue, Vijayawada, Andhra Pradesh - 520001",9899925830,sanjay.iyer27@gmail.com,Dummy_Volunteer_Data,Dummy
134,Usha Rao,"575, Shivaji Marg, Chennai, Tamil Nadu - 600001",8902099969,usha.rao78@gmail.com,Dummy_Volunteer_Data,Dummy
135,Mohan Das,"599, Indira Nagar Main Road, Bengaluru, Karnataka - 560001",7528853029,mohan.das64@gmail.com,Dummy_Volunteer_Data,Dummy
136,Jyoti Bose,"371, Tagore Colony, Mumbai, Maharashtra - 400001",9647099690,jyoti.bose38@gmail.com,Dummy_Volunteer_Data,Dummy
137,Prakash Sen,"506, Market Square, Pune, Maharashtra - 411001",9217734861,prakash.sen21@gmail.com,Dummy_Volunteer_Data,Dummy
138,Anita Ghosh,"157, University Road, Kolkata, West Bengal - 700001",9950488739,anita.ghosh90@gmail.com,Dummy_Volunteer_Data,Dummy
139,Gopal Chatterjee,"697, Bank Colony, New Delhi, Delhi - 110001",7168212356,gopal.chatterjee64@gmail.com,Dummy_Volunteer_Data,Dummy
140,Savita Mehta,"395, Hospital Road, Jaipur, Rajasthan - 302001",7602564736,savita.mehta58@gmail.com,Dummy_Volunteer_Data,Dummy
141,Ravi Kumar,"542, MG Road, Ahmedabad, Gujarat - 380001",7112327652,ravi.kumar42@gmail.com,Dummy_Volunteer_Data,Dummy
142,Seema Sharma,"697, Nehru Nagar, Bhopal, Madhya Pradesh - 462001",7676567501,seema.sharma24@gmail.com,Dummy_Volunteer_Data,Dummy
143,Manoj Singh,"769, Gandhi Chowk, Lucknow, Uttar Pradesh - 226001",7465260635,manoj.singh44@gmail.com,Dummy_Volunteer_Data,Dummy
144,Poonam Verma,"115, Patel Marg, Patna, Bihar - 800001",8269820594,poonam.verma47@gmail.com,Dummy_Volunteer_Data,Dummy
145,Vijay Yadav,"465, Ambedkar Street, Bhubaneswar, Odisha - 751001",7872751234,vijay.yadav10@gmail.com,Dummy_Volunteer_Data,Dummy
146,Asha Gupta,"270, Rajiv Gandhi Road, Ranchi, Jharkhand - 834001",9645119047,asha.gupta74@gmail.com,Dummy_Volunteer_Data,Dummy
147,Dinesh Mishra,"935, Subhash Chandra Bose Lane, Chandigarh, Punjab - 160001",7420452650,dinesh.mishra23@gmail.com,Dummy_Volunteer_Data,Dummy
148,Kamla Joshi,"862, Tilak Nagar, Kochi, Kerala - 682001",7753876785,kamla.joshi91@gmail.com,Dummy_Volunteer_Data,Dummy
149,Ajay Patel,"204, Station Road, Nagpur, Maharashtra - 440001",8918739736,ajay.patel29@gmail.com,Dummy_Volunteer_Data,Dummy
150,Rani Reddy,"166, Civil Lines, Coimbatore, Tamil Nadu - 641001",7100614068,rani.reddy79@gmail.com,Dummy_Volunteer_Data,Dummy
151,Arun Nair,"614, Lake View Road, Mysuru, Karnataka - 570001",8120912992,arun.nair51@gmail.com,Dummy_Volunteer_Data,Dummy
152,Bhavesh Pillai,"115, Rose Garden Lane, Vadodara, Gujarat - 390001",8357109965,bhavesh.pillai56@gmail.com,Dummy_Volunteer_Data,Dummy
153,Chetan Iyer,"60, Palm Avenue, Indore, Madhya Pradesh - 452001",7184564737,chetan.iyer40@gmail.com,Dummy_Volunteer_Data,Dummy
154,Damini Rao,"88, Shivaji Marg, Varanasi, Uttar Pradesh - 221001",9916690353,damini.rao72@gmail.com,Dummy_Volunteer_Data,Dummy
155,Ekta Das,"546, Indira Nagar Main Road, Amritsar, Punjab - 143001",9808402051,ekta.das26@gmail.com,Dummy_Volunteer_Data,Dummy
156,Falguni Bose,"487, Tagore Colony, Surat, Gujarat - 395001",9384602384,falguni.bose80@gmail.com,Dummy_Volunteer_Data,Dummy
157,Ganpat Sen,"541, Market Square, Thiruvananthapuram, Kerala - 695001",8327416584,ganpat.sen87@gmail.com,Dummy_Volunteer_Data,Dummy
158,Hemali Ghosh,"952, University Road, Guwahati, Assam - 781001",7840739735,hemali.ghosh79@gmail.com,Dummy_Volunteer_Data,Dummy
159,Ishan Chatterjee,"206, Bank Colony, Dehradun, Uttarakhand - 248001",8821218382,ishan.chatterjee49@gmail.com,Dummy_Volunteer_Data,Dummy
160,Janki Mehta,"666, Hospital Road, Shimla, Himachal Pradesh - 171001",8655742829,janki.mehta57@gmail.com,Dummy_Volunteer_Data,Dummy
161,Kaushik Kumar,"463, MG Road, Hyderabad, Telangana - 500001",9341266931,kaushik.kumar25@gmail.com,Dummy_Volunteer_Data,Dummy
162,Leela Sharma,"66, Nehru Nagar, Visakhapatnam, Andhra Pradesh - 530001",9731691672,leela.sharma53@gmail.com,Dummy_Volunteer_Data,Dummy
163,Mihir Singh,"568, Gandhi Chowk, Vijayawada, Andhra Pradesh - 520001",7336456621,mihir.singh39@gmail.com,Dummy_Volunteer_Data,Dummy
164,Nisha Verma,"8, Patel Marg, Chennai, Tamil Nadu - 600001",7777641645,nisha.verma19@gmail.com,Dummy_Volunteer_Data,Dummy
165,Onkar Yadav,"61, Ambedkar Street, Bengaluru, Karnataka - 560001",9133729406,onkar.yadav39@gmail.com,Dummy_Volunteer_Data,Dummy
166,Pallavi Gupta,"881, Rajiv Gandhi Road, Mumbai, Maharashtra - 400001",9652070932,pallavi.gupta52@gmail.com,Dummy_Volunteer_Data,Dummy
167,Rucha Mishra,"244, Subhash Chandra Bose Lane, Pune, Maharashtra - 411001",7621209849,rucha.mishra45@gmail.com,Dummy_Volunteer_Data,Dummy
168,Sharad Joshi,"220, Tilak Nagar, Kolkata, West Bengal - 700001",9876693898,sharad.joshi79@gmail.com,Dummy_Volunteer_Data,Dummy
169,Triveni Patel,"958, Station Road, New Delhi, Delhi - 110001",7607526654,triveni.patel83@gmail.com,Dummy_Volunteer_Data,Dummy
170,Yamini Reddy,"249, Civil Lines, Jaipur, Rajasthan - 302001",8304451095,yamini.reddy70@gmail.com,Dummy_Volunteer_Data,Dummy
171,Zubin Nair,"97, Lake View Road, Ahmedabad, Gujarat - 380001",7562837684,zubin.nair22@gmail.com,Dummy_Volunteer_Data,Dummy
172,Atul Pillai,"363, Rose Garden Lane, Bhopal, Madhya Pradesh - 462001",8601463916,atul.pillai64@gmail.com,Dummy_Volunteer_Data,Dummy
173,Bindiya Iyer,"885, Palm Avenue, Lucknow, Uttar Pradesh - 226001",7801642483,bindiya.iyer16@gmail.com,Dummy_Volunteer_Data,Dummy
174,Diya Rao,"662, Shivaji Marg, Patna, Bihar - 800001",9532311310,diya.rao22@gmail.com,Dummy_Volunteer_Data,Dummy
175,Eram Das,"746, Indira Nagar Main Road, Bhubaneswar, Odisha - 751001",9366992705,eram.das53@gmail.com,Dummy_Volunteer_Data,Dummy
176,Foram Bose,"197, Tagore Colony, Ranchi, Jharkhand - 834001",7581695135,foram.bose34@gmail.com,Dummy_Volunteer_Data,Dummy
177,Ghanshyam Sen,"144, Market Square, Chandigarh, Punjab - 160001",9399085574,ghanshyam.sen64@gmail.com,Dummy_Volunteer_Data,Dummy
178,Hiral Ghosh,"474, University Road, Kochi, Kerala - 682001",9575808013,hiral.ghosh41@gmail.com,Dummy_Volunteer_Data,Dummy
179,Ilesh Chatterjee,"828, Bank Colony, Nagpur, Maharashtra - 440001",9154318806,ilesh.chatterjee80@gmail.com,Dummy_Volunteer_Data,Dummy
180,Jayshree Mehta,"668, Hospital Road, Coimbatore, Tamil Nadu - 641001",9200140141,jayshree.mehta79@gmail.com,Dummy_Volunteer_Data,Dummy
181,Kalpesh Kumar,"949, MG Road, Mysuru, Karnataka - 570001",9536383774,kalpesh.kumar40@gmail.com,Dummy_Volunteer_Data,Dummy
182,Lavanya Sharma,"498, Nehru Nagar, Vadodara, Gujarat - 390001",9530613729,lavanya.sharma71@gmail.com,Dummy_Volunteer_Data,Dummy
183,Naresh Singh,"925, Gandhi Chowk, Indore, Madhya Pradesh - 452001",9506919288,naresh.singh17@gmail.com,Dummy_Volunteer_Data,Dummy
184,Ojas Verma,"3, Patel Marg, Varanasi, Uttar Pradesh - 221001",8941889393,ojas.verma59@gmail.com,Dummy_Volunteer_Data,Dummy
185,Parth Yadav,"804, Ambedkar Street, Amritsar, Punjab - 143001",8554200826,parth.yadav68@gmail.com,Dummy_Volunteer_Data,Dummy
186,Riddhi Gupta,"714, Rajiv Gandhi Road, Surat, Gujarat - 395001",7871385010,riddhi.gupta81@gmail.com,Dummy_Volunteer_Data,Dummy
187,Sagar Mishra,"499, Subhash Chandra Bose Lane, Thiruvananthapuram, Kerala - 695001",9418587604,sagar.mishra29@gmail.com,Dummy_Volunteer_Data,Dummy
188,Tejal Joshi,"223, Tilak Nagar, Guwahati, Assam - 781001",7889991777,tejal.joshi17@gmail.com,Dummy_Volunteer_Data,Dummy
189,Uday Patel,"556, Station Road, Dehradun, Uttarakhand - 248001",7436730606,uday.patel17@gmail.com,Dummy_Volunteer_Data,Dummy
190,Vaibhav Reddy,"59, Civil Lines, Shimla, Himachal Pradesh - 171001",7611947770,vaibhav.reddy16@gmail.com,Dummy_Volunteer_Data,Dummy
191,Arnav Nair,"515, Lake View Road, Hyderabad, Telangana - 500001",9161073976,arnav.nair77@gmail.com,Dummy_Volunteer_Data,Dummy
192,Bhumika Pillai,"984, Rose Garden Lane, Visakhapatnam, Andhra Pradesh - 530001",9299528037,bhumika.pillai75@gmail.com,Dummy_Volunteer_Data,Dummy
193,Chandni Iyer,"71, Palm Avenue, Vijayawada, Andhra Pradesh - 520001",9825003955,chandni.iyer86@gmail.com,Dummy_Volunteer_Data,Dummy
194,Dhruv Rao,"883, Shivaji Marg, Chennai, Tamil Nadu - 600001",8228727266,dhruv.rao40@gmail.com,Dummy_Volunteer_Data,Dummy
195,Elina Das,"965, Indira Nagar Main Road, Bengaluru, Karnataka - 560001",9721609600,elina.das82@gmail.com,Dummy_Volunteer_Data,Dummy
196,Fenil Bose,"609, Tagore Colony, Mumbai, Maharashtra - 400001",7188029013,fenil.bose15@gmail.com,Dummy_Volunteer_Data,Dummy
197,Gaurangi Sen,"430, Market Square, Pune, Maharashtra - 411001",7706907788,gaurangi.sen94@gmail.com,Dummy_Volunteer_Data,Dummy
198,Harshil Ghosh,"536, University Road, Kolkata, West Bengal - 700001",8319321646,harshil.ghosh50@gmail.com,Dummy_Volunteer_Data,Dummy
199,Indu Chatterjee,"686, Bank Colony, New Delhi, Delhi - 110001",9385201412,indu.chatterjee50@gmail.com,Dummy_Volunteer_Data,Dummy
200,Jayant Mehta,"406, Hospital Road, Jaipur, Rajasthan - 302001",7793101194,jayant.mehta26@gmail.com,Dummy_Volunteer_Data,Dummy
